mode,avg_response_time_mean,avg_response_time_std,coverage_percent_mean,coverage_percent_std,incidents_prevented_mean,incidents_prevented_std,prediction_rate_mean,prediction_rate_std,prediction_precision_mean,prediction_precision_std,prediction_recall_mean,prediction_recall_std,incidents_total_mean,incidents_total_std,resolved_incidents_mean,resolved_incidents_std
reactive,41.87904178261284,4.334553901149333,69.76930230669261,0.976925771364619,0.0,0.0,0.0,0.0,0.0,0.0,0.0,0.0,902.8,30.817094823057758,888.3333333333334,30.09245014211298
intelligent,23.698189568557304,2.3462480494627314,69.19209714100063,0.9458433923579164,20.9,5.729165151514952,0.023086189418716752,0.0060340961759807405,0.0013707398429282666,0.00031909909551896756,0.023195995003177313,0.005445207444947102,902.8,30.817094823057758,895.3666666666667,30.540119333245716
