mode,avg_response_time_mean,avg_response_time_std,coverage_percent_mean,coverage_percent_std,incidents_prevented_mean,incidents_prevented_std,prediction_rate_mean,prediction_rate_std,prediction_precision_mean,prediction_precision_std,prediction_recall_mean,prediction_recall_std,incidents_total_mean,incidents_total_std,resolved_incidents_mean,resolved_incidents_std
reactive,41.87904178261284,4.334553901149333,69.76930230669261,0.976925771364619,0.0,0.0,0.0,0.0,0.0,0.0,0.0,0.0,902.8,30.817094823057758,888.3333333333334,30.09245014211298
intelligent,9.157607050092986,1.9043883997309203,79.91885964912288,2.1086288246535916,0.13333333333333333,0.33993463423951903,0.0010563172043010752,0.0026934027537197144,0.14364776611324767,0.030298787628586378,0.09671360854804693,0.020106773822614978,125.46666666666667,10.923166004211213,122.43333333333334,11.51718522710977
