mode,avg_response_time_mean,avg_response_time_std,coverage_percent_mean,coverage_percent_std,incidents_prevented_mean,incidents_prevented_std,prediction_rate_mean,prediction_rate_std,prediction_precision_mean,prediction_precision_std,prediction_recall_mean,prediction_recall_std,incidents_total_mean,incidents_total_std,resolved_incidents_mean,resolved_incidents_std
reactive,41.87904178261284,4.334553901149333,69.76930230669261,0.976925771364619,0.0,0.0,0.0,0.0,0.0,0.0,0.0,0.0,902.8,30.817094823057758,888.3333333333334,30.09245014211298
intelligent,24.16514951113164,2.2296340935632784,70.85460120207924,0.8503607045518329,1.1666666666666667,1.0979779394667069,0.00128060448844977,0.0012055975892913686,0.06402699201608675,0.013805093989778822,0.043145585569216514,0.008187944561475587,902.8,30.817094823057758,895.2666666666667,30.259911140355687
